first_name2,middle_name2,last_name2
,,
,,
,,
,,
,,
,,
,,
,,
,,
,,
,,
,,
,,
,,
,,
,,
,,
,,
,,
,,
,,
,,
,,
,,
,,
,,
,,
,,
,,
,,
,,
,,
,,
,,
,,
,,
,,
,,
,,
,,
irwin,,pollack
russell,e.,wilson
joseph,n.,payne
emil,a.,holz
t.,michael,sanders
maurice,j.,sinnott
peter,,fodale
william,p.,alston
carl,m.,pearcy
frithjof,,bergmann
hans,h.,brintzinger
gwynn,,mcpeek
graham,,palmer
e.,wm.,heinrich
herbert,h.,paper
rane,l.,curl
jay,l.,robinson
harvey,e.,brazer
william,,frankena
samuel,j.,eldersveld
,,
,,
,,
,,
,,
,,
,,
,,
,,
,,
,,
,,
,,
,,
,,
,,
,,
,,
,,
,,
,,
,,
,,
,,
,,
,,
,,
,,
,,
,,
,,
,,
,,
,,
,,
,,
,,
,,
,,
,,
,,
,,
,,
,,
,,
,,
,,
,,
,,
,,
,,
,,
,,
,,
,,
,,
,,
,,
,,
,,
,,
,,
,,
,,
,,
,,
,,
,,
,,
,,
,,
,,
,,
,,
,,
,,
,,
,,
,,
,,
,,
,,
,,
,,
,,
,,
,,
,,
,,
,,
